{
  "id": "4d990abb-36de-407f-a07b-56d0335ac4e8",
  "name": "specialty",
  "isOverridable": true,
  "entries": [
    {
      "value": "Cardiologist",
      "synonyms": [
        "Cardiologist"
      ]
    },
    {
      "value": "Acupuncturist",
      "synonyms": [
        "Acupuncturist"
      ]
    },
    {
      "value": "Therapist",
      "synonyms": [
        "Therapist"
      ]
    },
    {
      "value": "Pharmacist",
      "synonyms": [
        "Pharmacist"
      ]
    },
    {
      "value": "Dentist",
      "synonyms": [
        "Dentist"
      ]
    }
  ],
  "isEnum": false,
  "automatedExpansion": false
}